Training Error0.0001,Training Error 0.001,Training Error 0.01
1107.064053,1098.03364,1237.108331
1107.064053,1098.03364,1237.108331
1105.887577,1091.964077,4816.423454
1104.798006,1086.279372,7778.259954
1103.782651,1080.777836,2844.863285
1102.830713,1075.44344,8604.241783
1101.933005,1070.269951,1798.805644
1101.081707,1065.251811,7398.232082
1100.270166,1060.383666,2833.092519
1099.492723,1055.660343,8062.440643
1098.744559,1051.076837,1985.379691
1098.021577,1046.62831,6967.968282
1097.320289,1042.310099,2923.143821
1096.637727,1038.11769,7403.254318
1095.971364,1034.046738,2328.099971
1095.31905,1030.093047,6577.417546
1094.678954,1026.252574,3004.976774
1094.049517,1022.521411,6679.882626
1093.429414,1018.895805,2760.014389
1092.817512,1015.372131,6137.6375
1092.21285,1011.946899,3160.008868
1091.614606,1008.616742,5975.282837
1091.022083,1005.378429,3185.47677
1090.434684,1002.228838,5605.148445
1089.8519,999.1649669,3413.085274
1089.273299,996.1839203,5329.074097
1088.698511,993.2829172,3543.835822
1088.127221,990.4592762,5017.11221
1087.559158,987.7104155,3697.06838
1086.994092,985.033855,4721.408746
1086.431827,982.4272022,3815.650807
1085.872193,979.8881527,4429.620265
1085.315047,977.414489,3900.954165
1084.760265,975.004078,4150.899141
1084.207741,972.6548655,3936.733717
1083.657383,970.3648716,3889.643306
1083.109113,968.1321905,3916.910317
1082.562863,965.9549881,3650.393004
1082.018575,963.8314981,3844.64755
1081.476197,961.7600164,3435.525967
1080.935687,959.7389054,3732.752091
1080.397005,957.7665839,3246.003477
1079.860119,955.8415291,3598.679506
1079.324999,953.9622758,3082.322793
1078.791619,952.1274094,3459.264876
1078.259957,950.3355692,2944.614268
1077.729992,948.5854413,3327.584596
1077.201707,946.8757588,2832.119331
1076.675085,945.2053004,3211.845679
1076.150112,943.5728894,2742.846816
1075.626775,941.9773897,3115.664731
1075.105062,940.4177053,2673.812203
1074.584961,938.8927792,3039.112473
1074.066463,937.4015921,2621.495784
1073.549557,935.9431596,2980.022262
1073.034236,934.5165308,2582.361191
1072.52049,933.1207899,2935.233002
1072.008312,931.7550498,2553.16947
1071.497695,930.4184547,2901.404883
1070.98863,929.1101788,2531.191796
1070.481112,927.8294245,2875.542039
1069.975134,926.5754205,2514.258464
1069.470689,925.3474197,2855.211343
1068.967771,924.144703,2500.739116
1068.466374,922.9665745,2838.589855
1067.966492,921.8123613,2489.482232
1067.468119,920.6814105,2824.386724
1066.971249,919.5730937,2479.709577
1066.475878,918.4868016,2811.755218
1065.981999,917.421945,2470.926865
1065.489606,916.377953,2800.16128
1064.998695,915.354275,2462.826555
1064.509259,914.3503758,2789.288019
1064.021295,913.3657386,2455.231981
1063.534797,912.3998629,2778.957642
1063.049758,911.4522646,2448.042237
1062.566174,910.5224725,2769.070566
1062.08404,909.6100316,2441.198549
1061.603351,908.7145013,2759.569004
1061.124102,907.8354541,2434.666904
1060.646287,906.9724761,2750.432401
1060.169902,906.1251665,2428.43083
1059.694941,905.2931345,2741.630906
1059.2214,904.476004,2422.465528
1058.749273,903.6734089,2733.159799
1058.278556,902.8849939,2416.762047
1057.809243,902.1104144,2724.993038
1057.34133,901.3493363,2411.304163
1056.874813,900.6014353,2717.118541
1056.409685,899.8663964,2406.080018
1055.945942,899.143914,2709.524694
1055.48358,898.4336913,2401.070205
1055.022594,897.7354409,2702.190792
1054.562978,897.0488825,2396.26588
1054.104728,896.3737446,2695.103384
1053.647839,895.7097627,2391.652564
1053.192307,895.056681,2688.246594
1052.738126,894.4142503,2387.218312
1052.285292,893.7822275,2681.602654
1051.833801,893.1603778,2382.945511
1051.383647,892.5484726,2675.159044
1050.934826,891.9462879,2378.834434
1050.487334,891.3536089,2668.912512
1050.041165,890.7702244,2374.868478
1049.596315,890.1959298,2662.840119
1049.15278,889.6305257,2371.040025
1048.710555,889.0738186,2656.94166
1048.269635,888.5256198,2367.343723
1047.830015,887.9857461,2651.205302
1047.391692,887.4540189,2363.773531
1046.954661,886.930264,2645.62443
1046.518917,886.4143123,2360.322767
1046.084456,885.9059993,2640.189814
1045.651273,885.4051642,2356.979263
1045.219363,884.9116502,2634.891702
1044.788724,884.4253061,2353.74412
1044.359349,883.9459829,2629.73263
1043.931234,883.4735363,2350.613448
1043.504376,883.0078249,2624.696189
1043.07877,882.548712,2347.578196
1042.654411,882.0960635,2619.78627
1042.231295,881.6497495,2344.637736
1041.809418,881.2096427,2614.995375
1041.388775,880.7756189,2341.783867
1040.969362,880.3475574,2610.312464
1040.551175,879.9253403,2339.015398
1040.13421,879.5088529,2605.744386
1039.718462,879.0979829,2336.331763
1039.303928,878.6926206,2601.282104
1038.890602,878.2926597,2333.72758
1038.47848,877.897996,2596.919454
1038.067559,877.5085276,2331.194597
1037.657835,877.1241556,2592.65365
1037.249302,876.7447829,2328.742633
1036.841958,876.3703156,2588.486397
1036.435797,876.0006606,2326.358482
1036.030816,875.6357283,2584.414045
1035.627011,875.2754306,2324.043087
1035.224378,874.9196818,2580.42868
1034.822912,874.5683974,2321.792366
1034.422609,874.2214959,2576.529996
1034.023465,873.8788971,2319.606036
1033.625477,873.5405227,2572.713774
1033.22864,873.2062968,2317.479843
1032.83295,872.8761442,2568.976908
1032.438404,872.5499919,2315.413231
1032.044997,872.2277683,2565.318824
1031.652726,871.9094042,2313.409172
1031.261586,871.5948311,2561.742784
1030.871573,871.2839827,2311.457429
1030.482684,870.9767936,2558.235821
1030.094914,870.6732,2309.557923
1029.708261,870.3731397,2554.799349
1029.322719,870.0765517,2307.707594
1028.938285,869.7833763,2551.434859
1028.554956,869.493555,2305.910817
1028.172727,869.2070314,2548.13522
1027.791594,868.9237492,2304.164373
1027.411554,868.643654,2544.908147
1027.032603,868.3666921,2302.465571
1026.654737,868.0928113,2541.742758
1026.277953,867.8219604,2300.807848
1025.902246,867.5540894,2538.635698
1025.527614,867.2891492,2299.193621
1025.154051,867.0270919,2535.588054
1024.781555,866.7678707,2297.624813
1024.410122,866.5114388,2532.600719
1024.039748,866.2577519,2296.097237
1023.670429,866.0067656,2529.675795
1023.302162,865.7584367,2294.609982
1022.934943,865.5127227,2526.802066
1022.568769,865.2695825,2293.160321
1022.203636,865.0289754,2523.985018
1021.839539,864.7908614,2291.747939
1021.476477,864.5552014,2521.218378
1021.114445,864.3219575,2290.371131
1020.753439,864.0910922,2518.503988
1020.393456,863.8625688,2289.029193
1020.034493,863.6363515,2515.834371
1019.676546,863.4124046,2287.720934
1019.319611,863.190694,2513.219966
1018.963686,862.9711857,2286.448052
1018.608766,862.7538464,2510.655307
1018.254847,862.5386438,2285.210428
1017.901928,862.3255458,2508.139257
1017.550003,862.1145212,2284.001656
1017.19907,861.9055392,2505.665068
1016.849126,861.6985698,2282.822979
1016.500166,861.4935834,2503.236639
1016.152188,861.2905512,2281.676173
1015.805188,861.0894447,2500.85253
1015.459162,860.8902361,2280.556606
1015.114108,860.692898,2498.513252
1014.770022,860.4974034,2279.463722
1014.4269,860.3037264,2496.212049
1014.08474,860.1118411,2278.398013
1013.743538,859.921722,2493.953372
1013.403291,859.7333443,2277.35899
1013.063995,859.5466838,2491.735847
1012.725647,859.3617161,2276.346338
1012.388245,859.178418,2489.555643
1012.051784,858.9967664,2275.357602
1011.716261,858.8167384,2487.41417
1011.381674,858.638312,2274.390751
1011.048018,858.4614653,2485.310446
1010.715292,858.2861769,2273.449089
1010.383491,858.1124255,2483.243226
1010.052612,857.9401907,2272.532483
1009.722653,857.7694521,2481.215012
1009.39361,857.6001898,2271.635874
1009.06548,857.4323839,2479.220047
1008.738259,857.2660157,2270.759931
1008.411946,857.1010658,2477.261738
1008.086536,856.9375157,2269.906633
1007.762027,856.7753473,2475.338951
1007.438415,856.6145426,2269.078228
1007.115698,856.4550839,2473.451411
1006.793872,856.296954,2268.266515
1006.472934,856.1401357,2471.595215
1006.152882,855.9846125,2267.471703
1005.833712,855.8303678,2469.770326
1005.515421,855.6773856,2266.700833
1005.198006,855.5256499,2467.978236
1004.881464,855.3751451,2265.943715
1004.565793,855.2258558,2466.213548
1004.250989,855.0777669,2265.205763
1003.93705,854.9308637,2464.479795
1003.623971,854.7851315,2264.483289
1003.311751,854.6405559,2462.778074
1003.000387,854.497123,2263.782514
1002.689875,854.3548186,2461.107781
1002.380213,854.2136294,2263.096807
1002.071398,854.0735418,2459.466653
1001.763427,853.9345426,2262.430186
1001.456297,853.7966188,2457.857851
1001.150004,853.6597577,2261.77428
1000.844548,853.5239467,2456.271079
1000.539923,853.3891734,2261.133892
1000.236129,853.2554257,2454.709783
999.9331612,853.1226915,2260.508876
999.6310175,852.9909591,2453.175326
999.3296952,852.8602169,2259.895142
999.0291912,852.7304534,2451.665524
998.729503,852.6016577,2259.299161
998.4306279,852.4738184,2450.187322
998.1325628,852.3469248,2258.715921
997.8353052,852.2209661,2448.733262
997.5388524,852.0959319,2258.149525
997.2432017,851.9718117,2447.30557
996.9483503,851.8485954,2257.596066
996.6542951,851.7262728,2445.902857
996.3610338,851.604834,2257.05354
996.0685639,851.4842695,2444.521461
995.7768826,851.3645694,2256.523707
995.4859871,851.2457243,2443.165849
995.1958746,851.127725,2256.007148
994.9065427,851.0105623,2441.832934
994.6179888,850.8942272,2255.497609
994.3302102,850.7787107,2440.519044
994.0432043,850.6640042,2255.003829
993.7569684,850.5500988,2439.231154
993.4715002,850.4369863,2254.517334
993.1867969,850.3246582,2437.960911
992.9028558,850.2131061,2254.043636
992.6196746,850.1023222,2436.715783
992.3372507,849.9922982,2253.580526
992.0555811,849.8830263,2435.491351
991.7746639,849.7744987,2253.127124
991.4944964,849.6667079,2434.28835
991.2150756,849.5596461,2252.690821
990.9363996,849.453306,2433.109019
990.6584657,849.3476802,2252.255854
990.3812716,849.2427615,2431.943953
990.1048145,849.1385428,2251.833759
989.8290924,849.0350171,2430.798651
989.5541023,848.9321773,2251.42042
989.2798419,848.8300167,2429.677448
989.0063087,848.7285285,2251.015771
988.7335004,848.6277061,2428.572628
988.4614146,848.527543,2250.623917
988.190049,848.4280326,2427.48971
987.9194009,848.3291687,2250.233163
987.6494681,848.2309451,2426.41528
987.3802482,848.1333553,2249.852081
987.1117386,848.0363933,2425.361403
986.8439373,847.9400533,2249.482205
986.5768417,847.844329,2424.330811
986.3104497,847.7492148,2249.120658
986.0447587,847.6547049,2423.315724
985.7797663,847.5607935,2248.766716
985.5154702,847.4674751,2422.315419
985.2518684,847.3747439,2248.420327
984.9889581,847.2825947,2421.335659
984.7267374,847.191022,2248.079767
984.4652037,847.1000204,2420.369117
984.204355,847.0095848,2247.749595
983.9441892,846.9197099,2419.421601
983.6847036,846.8303906,2247.425427
983.425896,846.7416218,2418.489251
983.1677643,846.6533985,2247.110225
982.9103066,846.5657159,2417.574966
982.6535197,846.478569,2246.801601
982.3974023,846.391953,2416.674048
982.1419518,846.3058634,2246.499041
981.8871661,846.2202953,2415.785779
981.6330429,846.135244,2246.197851
981.3795801,846.0507052,2414.90965
981.1267755,845.9666742,2245.905187
980.8746271,845.8831467,2414.049778
980.6231324,845.8001182,2245.619105
980.3722894,845.7175844,2413.204538
980.122096,845.6355411,2245.340043
979.8725499,845.553984,2412.375711
979.6236489,845.4729089,2245.066615
979.3753914,845.3923118,2411.557016
979.1277748,845.3121885,2244.799129
978.8807971,845.232535,2410.752972
978.6344562,845.1533473,2244.536589
978.38875,845.0746216,2409.963653
978.1436766,844.9963539,2244.279846
977.8992338,844.9185406,2409.18926
977.6554192,844.8411777,2244.029743
977.4122311,844.7642614,2408.423757
977.1696676,844.6877883,2243.782514
976.9277264,844.6117545,2407.67039
976.6864056,844.5361565,2243.541519
976.4457028,844.4609907,2406.930091
976.2056165,844.3862536,2243.306214
975.9661442,844.3119418,2406.201942
975.7272842,844.2380517,2243.072379
975.4890345,844.1645801,2405.487262
975.2513931,844.0915236,2242.848872
975.0143579,844.0188787,2404.784959
974.777927,843.9466423,2242.630439
974.5420984,843.8748111,2404.092806
974.30687,843.8033819,2242.414976
974.0722399,843.7323515,2403.416226
973.8382063,843.6617168,2242.203292
973.6047673,843.5914747,2402.743544
973.3719209,843.5216222,2241.993814
973.1396652,843.4521562,2402.085215
972.907998,843.3830739,2241.789568
972.6769177,843.314372,2401.435426
972.4464222,843.2460477,2241.592395
972.2165098,843.1780983,2400.796193
971.9871785,843.1105207,2241.392403
971.7584263,843.0433123,2400.168473
971.5302514,842.97647,2241.200571
971.3026521,842.9099914,2399.54789
971.0756263,842.8438735,2241.011124
970.8491722,842.7781137,2398.939847
970.6232881,842.7127093,2240.827038
970.3979721,842.6476576,2398.340797
970.1732223,842.582956,2240.646251
969.949037,842.518602,2397.752898
969.7254142,842.4545929,2240.473515
969.5023523,842.3909263,2397.178822
969.2798492,842.3275996,2240.302464
969.0579032,842.2646103,2396.608484
968.8365127,842.201956,2240.133492
968.6156758,842.1396342,2396.045568
968.3953907,842.0776426,2239.962858
968.1756555,842.0159787,2395.490761
967.9564687,841.9546403,2239.79909
967.7378282,841.8936249,2394.946439
967.5197326,841.8329303,2239.638165
967.30218,841.7725542,2394.411961
967.0851686,841.7124943,2239.482379
966.8686966,841.6527485,2393.88723
966.6527625,841.5933143,2239.330402
966.4373643,841.5341898,2393.370934
966.2225006,841.4753728,2239.182024
966.0081695,841.4168609,2392.861843
965.7943694,841.3586523,2239.034318
965.5810983,841.3007446,2392.357989
965.368355,841.243136,2238.887948
965.1561373,841.1858242,2391.864206
964.9444439,841.1288073,2238.747305
964.7332729,841.0720832,2391.379925
964.5226229,841.0156499,2238.611086
964.3124919,840.9595054,2390.903287
964.1028784,840.9036479,2238.476518
963.8937809,840.8480752,2390.435878
963.6851977,840.7927856,2238.343497
963.4771271,840.7377771,2389.972493
963.2695674,840.6830478,2238.21459
963.0625171,840.6285958,2389.516726
962.8559744,840.5744193,2238.083412
962.6499379,840.5205165,2389.066848
962.4444059,840.4668855,2237.95632
962.2393768,840.4135246,2388.623703
962.0348492,840.3604319,2237.833825
961.8308212,840.3076058,2388.190202
961.6272913,840.2550443,2237.712652
961.4242581,840.2027459,2387.763565
961.2217198,840.1507087,2237.59798
961.0196751,840.0989311,2387.343345
960.8181222,840.0474115,2237.4769
960.6170596,839.996148,2386.923695
960.4164858,839.9451392,2237.363852
960.2163992,839.8943833,2386.516383
960.0167983,839.8438787,2237.250813
959.8176817,839.7936238,2386.114558
959.6190477,839.743617,2237.143314
959.4208948,839.6938568,2385.720156
959.2232216,839.6443415,2237.038477
959.0260264,839.5950695,2385.333308
958.8293078,839.5460395,2236.935642
958.6330643,839.4972498,2384.953028
958.4372944,839.448699,2236.834998
958.2419968,839.4003854,2384.578001
958.0471697,839.3523077,2236.735482
957.8528119,839.3044644,2384.204917
957.6589217,839.2568539,2236.632734
957.4654977,839.209475,2383.835133
957.2725385,839.1623261,2236.533885
957.0800428,839.1154058,2383.476415
956.888009,839.0687127,2236.437841
956.6964354,839.0222454,2383.120039
956.5053208,838.9760025,2236.346109
956.3146639,838.9299826,2382.771561
956.1244633,838.8841844,2236.256233
955.9347173,838.8386066,2382.430668
955.7454246,838.7932478,2236.168599
955.5565838,838.7481066,2382.091821
955.3681936,838.7031817,2236.079257
955.1802523,838.6584719,2381.757872
954.9927588,838.6139759,2235.990509
954.8057117,838.5696924,2381.427599
954.6191094,838.52562,2235.90556
954.4329507,838.4817575,2381.106899
954.247234,838.4381038,2235.825022
954.0619583,838.3946574,2380.789578
953.8771219,838.3514173,2235.743998
953.6927237,838.3083822,2380.475527
953.5087621,838.2655508,2235.663663
953.3252359,838.222922,2380.168741
953.1421436,838.1804946,2235.587552
952.9594841,838.1382674,2379.864911
952.7772559,838.0962392,2235.511432
952.5954577,838.0544089,2379.567388
952.4140882,838.0127753,2235.438198
952.2331459,837.9713373,2379.274062
952.0526298,837.9300937,2235.362525
951.8725385,837.8890433,2378.980509
951.6928706,837.8481852,2235.289343
951.5136248,837.8075181,2378.695313
951.3347998,837.7670409,2235.218988
951.1563944,837.7267527,2378.416352
950.9784071,837.6866522,2235.150088
950.800837,837.6467385,2378.137785
950.6236824,837.6070104,2235.08104
950.4469423,837.567467,2377.861861
950.2706152,837.528107,2235.010291
950.0946999,837.4889296,2377.593507
949.9191953,837.4499336,2234.946623
949.7441001,837.411118,2377.329454
949.5694131,837.3724819,2234.883046
949.3951329,837.3340242,2377.069701
949.2212584,837.2957439,2234.821431
949.0477881,837.2576401,2376.81566
948.874721,837.2197116,2234.761275
948.7020557,837.1819576,2376.562804
948.5297913,837.1443771,2234.701187
948.3579263,837.106969,2376.315576
948.1864595,837.0697326,2234.641477
948.0153897,837.0326667,2376.067823
947.8447159,836.9957704,2234.581145
947.6744366,836.9590428,2375.826095
947.5045508,836.922483,2234.526959
947.3350572,836.8860901,2375.589241
947.1659547,836.8498631,2234.472491
946.997242,836.8138011,2375.354835
946.828918,836.7779032,2234.416104
946.6609816,836.7421686,2375.127959
946.4934315,836.7065963,2234.364981
946.3262666,836.6711854,2374.898271
946.1594855,836.6359352,2234.310418
945.9930874,836.6008446,2374.673131
945.8270709,836.5659128,2234.25938
945.661435,836.531139,2374.455474
945.4961784,836.4965224,2234.206688
945.3313001,836.462062,2374.235256
945.1667988,836.427757,2234.154713
945.0026736,836.3936066,2374.0198
944.8389233,836.3596099,2234.105841
944.6755466,836.3257662,2373.81048
944.5125425,836.2920746,2234.06138
944.3499099,836.2585343,2373.604052
944.1876475,836.2251445,2234.014174
944.0257545,836.1919044,2373.399551
943.8642296,836.1588132,2233.968638
943.7030715,836.1258701,2373.197842
943.5422796,836.0930744,2233.924309
943.3818523,836.0604252,2372.998772
943.2217889,836.0279217,2233.879424
943.0620881,835.9955633,2372.802187
942.902749,835.963349,2233.834323
942.7437702,835.9312783,2372.611223
942.585151,835.8993503,2233.791784
942.4268902,835.8675642,2372.420359
942.2689865,835.8359194,2233.753376
942.111439,835.8044151,2372.235856
941.9542467,835.7730505,2233.714705
941.7974083,835.741825,2372.053172
941.6409231,835.7107377,2233.67469
941.4847897,835.6797881,2371.871014
941.3290073,835.6489753,2233.634264
941.1735749,835.6182987,2371.690754
941.0184913,835.5877576,2233.595179
940.8637555,835.5573512,2371.516108
940.7093666,835.5270789,2233.560098
940.5553235,835.4969399,2371.342124
940.401625,835.4669337,2233.519466
940.2482702,835.4370594,2371.167429
940.0952582,835.4073165,2233.482105
939.9425878,835.3777042,2370.996402
939.7902581,835.3482219,2233.444492
939.6382681,835.318869,2370.831087
939.4866168,835.2896447,2233.410607
939.3353031,835.2605484,2370.668006
939.1843261,835.2315795,2233.379267
939.0336847,835.2027373,2370.509676
938.883378,835.1740211,2233.344898
938.7334051,835.1454303,2370.34762
938.5837647,835.1169643,2233.311378
938.4344562,835.0886225,2370.193049
938.2854786,835.0604042,2233.279998
938.1368306,835.0323088,2370.040217
937.9885114,835.0043357,2233.249764
937.8405202,834.9764842,2369.887565
937.6928558,834.9487539,2233.218655
937.5455174,834.9211439,2369.737603
937.3985039,834.8936539,2233.189155
937.2518146,834.8662831,2369.591265
937.1054483,834.8390309,2233.158308
936.9594043,834.8118968,2369.444961
936.8136814,834.7848801,2233.129583
936.6682788,834.7579804,2369.29999
936.5231954,834.731197,2233.102108
936.3784305,834.7045292,2369.160173
936.2339831,834.6779766,2233.073556
936.0898523,834.6515386,2369.018911
935.946037,834.6252146,2233.046707
935.8025365,834.5990041,2368.882148
935.6593497,834.5729064,2233.019961
935.5164759,834.546921,2368.747574
935.373914,834.5210474,2232.993913
935.2316632,834.495285,2368.613209
935.0897226,834.4696333,2232.969238
934.9480913,834.4440918,2368.484127
934.8067683,834.4186598,2232.945321
934.6657527,834.3933368,2368.355648
934.5250437,834.3681224,2232.917449
934.3846405,834.343016,2368.224644
934.2445421,834.318017,2232.894646
934.1047477,834.293125,2368.098889
933.9652563,834.2683393,2232.872749
933.8260671,834.2436596,2367.976914
933.6871792,834.2190852,2232.849784
933.5485917,834.1946157,2367.855798
933.4103038,834.1702505,2232.827702
933.2723145,834.1459892,2367.735181
933.1346231,834.1218312,2232.804085
932.9972288,834.0977761,2367.615325
932.8601307,834.0738233,2232.779197
932.7233277,834.0499724,2367.494419
932.5868193,834.0262228,2232.760894
932.4506045,834.002574,2367.382268
932.3146825,833.9790257,2232.740996
932.1790521,833.9555773,2367.26976
932.0437131,833.9322282,2232.719402
931.9086641,833.9089782,2367.155483
931.7739048,833.8858266,2232.697078
931.6394339,833.8627729,2367.041983
931.5052508,833.8398169,2232.676425
931.3713547,833.8169578,2366.934113
931.2377447,833.7941954,2232.659457
931.10442,833.771529,2366.82731
930.9713797,833.7489584,2232.642495
930.8386232,833.7264829,2366.723936
930.7061495,833.7041023,2232.62406
930.5739579,833.6818159,2366.62014
930.4420476,833.6596234,2232.607142
930.3104177,833.6375243,2366.514044
930.1790675,833.6155182,2232.588775
930.0479963,833.5936046,2366.413241
929.9172031,833.571783,2232.573634
929.7866871,833.5500532,2366.314536
929.6564476,833.5284146,2232.556073
929.526484,833.5068667,2366.214746
929.3967952,833.4854092,2232.53878
929.2673806,833.4640417,2366.117294
929.1382395,833.4427637,2232.522044
929.009371,833.4215748,2366.019982
928.8807742,833.4004744,2232.506391
928.7524485,833.3794624,2365.925386
928.6243932,833.3585382,2232.493537
928.4966074,833.3377015,2365.834689
928.3690905,833.3169518,2232.478214
928.2418416,833.2962886,2365.742314
928.11486,833.2757117,2232.461368
927.9881448,833.2552206,2365.650234
927.8616955,833.2348149,2232.446648
927.7355112,833.2144941,2365.558923
927.6095912,833.194258,2232.432252
927.4839348,833.1741061,2365.471453
927.3585412,833.154038,2232.417049
927.2334096,833.1340533,2365.383967
927.1085393,833.1141517,2232.40216
926.9839297,833.0943327,2365.296706
926.8595799,833.0745959,2232.38829
926.7354892,833.0549411,2365.210955
926.6116571,833.0353677,2232.375611
926.4880826,833.0158755,2365.128382
926.364765,832.9964641,2232.363911
926.2417038,832.977133,2365.048024
926.1188981,832.9578819,2232.353703
925.9963472,832.9387104,2364.965812
925.8740505,832.9196182,2232.338489
925.7520071,832.900605,2364.884856
925.6302165,832.8816703,2232.328363
925.5086779,832.8628137,2364.805958
925.3873906,832.8440349,2232.312497
925.2663539,832.8253337,2364.725752
925.1455672,832.8067095,2232.29873
925.0250296,832.7881621,2364.646006
924.9047406,832.769691,2232.289217
924.7846994,832.751296,2364.570435
924.6649054,832.7329768,2232.278175
924.5453578,832.7147329,2364.496974
924.426056,832.6965639,2232.269503
924.3069994,832.6784697,2364.424763
924.1881871,832.6604497,2232.260319
924.0696187,832.6425038,2364.352733
923.9512933,832.6246315,2232.251304
923.8332104,832.6068325,2364.280813
923.7153692,832.5891065,2232.243111
923.597769,832.5714531,2364.2122
923.4804092,832.553872,2232.234156
923.3632892,832.5363629,2364.144697
923.2464083,832.5189255,2232.227247
923.1297659,832.5015593,2364.076991
923.0133613,832.4842642,2232.218049
922.8971938,832.4670398,2364.007318
922.7812627,832.4498858,2232.206254
922.6655674,832.4328017,2363.938675
922.5501074,832.4157874,2232.196922
922.4348818,832.3988426,2363.872996
922.3198902,832.3819668,2232.184507
922.2051318,832.3651598,2363.802366
922.0906061,832.3484213,2232.176845
921.9763123,832.3317509,2363.738735
921.8622498,832.3151485,2232.170244
921.7484181,832.2986135,2363.676198
921.6348165,832.2821458,2232.161434
921.5214443,832.2657451,2363.614485
921.408301,832.249411,2232.154789
921.2953859,832.2331433,2363.552167
921.1826984,832.2169416,2232.148447
921.0702379,832.2008056,2363.49328
920.9580037,832.1847351,2232.140704
920.8459953,832.1687298,2363.433585
920.734212,832.1527893,2232.134563
920.6226532,832.1369135,2363.374061
920.5113183,832.1211019,2232.128203
920.4002067,832.1053543,2363.315599
920.2893178,832.0896705,2232.122064
920.178651,832.07405,2363.258168
920.0682056,832.0584928,2232.11418
919.9579811,832.0429983,2363.202973
919.847977,832.0275665,2232.111158
919.7381925,832.012197,2363.148282
919.6286271,831.9968895,2232.107501
919.5192803,831.9816438,2363.093278
919.4101514,831.9664595,2232.099503
919.3012397,831.9513365,2363.03637
919.1925449,831.9362745,2232.090424
919.0840661,831.921273,2362.979482
918.975803,831.906332,2232.084215
918.867755,831.891451,2362.925087
918.7599212,831.87663,2232.076925
918.6523014,831.8618685,2362.873173
918.5448949,831.8471664,2232.072323
918.437701,831.8325233,2362.821309
918.3307192,831.817939,2232.067747
918.2239489,831.8034133,2362.76922
918.1173898,831.7889459,2232.064391
918.0110409,831.7745365,2362.721508
917.9049021,831.7601849,2232.059028
917.7989724,831.7458908,2362.67192
917.6932516,831.731654,2232.055283
917.587739,831.7174742,2362.622626
917.482434,831.7033511,2232.050657
917.377336,831.6892845,2362.574201
917.2724446,831.6752742,2232.042006
917.1677592,831.66132,2362.521371
917.0632793,831.6474215,2232.03648
916.9590041,831.6335785,2362.476243
916.8549334,831.6197908,2232.032168
916.7510664,831.6060582,2362.429223
916.6474027,831.5923804,2232.030176
916.5439417,831.5787571,2362.383337
916.4406828,831.5651881,2232.025944
916.3376256,831.5516732,2362.338723
916.2347695,831.5382122,2232.023878
916.132114,831.5248048,2362.294384
916.0296585,831.5114507,2232.021168
915.9274025,831.4981498,2362.250354
915.8253455,831.4849018,2232.016991
915.723487,831.4717064,2362.206091
915.6218264,831.4585635,2232.013327
915.5203632,831.4454729,2362.162824
915.419097,831.4324342,2232.009415
915.3180271,831.4194473,2362.12044
915.217153,831.4065119,2232.007093
915.1164743,831.3936279,2362.078997
915.0159904,831.380795,2232.003014
914.9157007,831.3680129,2362.035085
914.8156049,831.3552814,2231.998836
914.7157024,831.3426004,2361.994035
914.6159928,831.3299696,2231.995012
914.5164752,831.3173888,2361.951432
914.4171495,831.3048577,2231.991141
914.3180151,831.2923763,2361.912272
914.2190714,831.2799442,2231.990584
914.1203179,831.2675612,2361.873583
914.0217543,831.2552271,2231.989486
913.9233799,831.2429417,2361.834889
913.8251943,831.2307049,2231.985696
913.727197,831.2185163,2361.796385
913.6293875,831.2063758,2231.98403
913.5317654,831.1942832,2361.759737
913.4343299,831.1822382,2231.983379
913.3370809,831.1702407,2361.721651
913.2400177,831.1582904,2231.981118
913.1431399,831.1463873,2361.685965
913.046447,831.1345309,2231.978997
912.9499384,831.1227212,2361.650316
912.8536137,831.110958,2231.97562
912.7574725,831.0992409,2361.611057
912.6615142,831.08757,2231.970042
912.5657384,831.0759449,2361.571602
912.4701446,831.0643654,2231.966953
912.3747324,831.0528314,2361.534444
912.2795012,831.0413427,2231.965847
912.1844506,831.029899,2361.503235
912.0895802,831.0185002,2231.965909
911.9948894,831.0071461,2361.470098
911.9003778,830.9958364,2231.964979
911.8060449,830.9845711,2361.435238
911.7118904,830.9733499,2231.962053
911.6179137,830.9621726,2361.40187
911.5241144,830.951039,2231.96258
911.430492,830.939949,2361.367223
911.3370459,830.9289023,2231.958025
911.2437759,830.9178989,2361.332195
911.1506813,830.9069384,2231.956572
911.0577619,830.8960207,2361.299992
910.9650171,830.8851456,2231.955028
910.8724465,830.874313,2361.267826
910.7800497,830.8635227,2231.953008
910.6878261,830.8527744,2361.235473
910.5957753,830.842068,2231.952666
910.503897,830.8314034,2361.206484
910.4121907,830.8207803,2231.95448
910.3206559,830.8101985,2361.17654
910.2292922,830.799658,2231.952286
910.1380991,830.7891585,2361.146039
910.0470763,830.7786998,2231.952537
909.9562233,830.7682818,2361.11375
909.8655395,830.7579044,2231.950239
909.7750247,830.7475672,2361.084554
909.6846784,830.7372702,2231.949284
909.5945001,830.7270132,2361.052833
909.5044894,830.716796,2231.945472
909.414646,830.7066184,2361.021385
909.3249694,830.6964804,2231.942865
909.2354591,830.6863816,2360.99379
909.1461147,830.676322,2231.946053
909.0569358,830.6663013,2360.968764
908.967922,830.6563195,2231.947398
908.8790729,830.6463764,2360.943221
908.790388,830.6364717,2231.94764
908.701867,830.6266054,2360.916417
908.6135094,830.6167772,2231.946676
908.5253148,830.6069871,2360.887185
908.4372828,830.5972348,2231.94367
908.3494131,830.5875202,2360.85783
908.261705,830.5778431,2231.942317
908.1741583,830.5682034,2360.828888
908.0867725,830.5586009,2231.942299
907.9995473,830.5490354,2360.804313
907.9124823,830.5395068,2231.941009
907.8255769,830.530015,2360.776531
907.738831,830.5205598,2231.941582
907.6522439,830.511141,2360.750225
907.5658153,830.5017585,2231.939777
907.479545,830.4924121,2360.72701
907.3934324,830.4831017,2231.940178
907.3074771,830.4738272,2360.703295
907.2216787,830.4645883,2231.940726
907.136037,830.455385,2360.675705
907.0505513,830.446217,2231.940516
906.9652215,830.4370843,2360.649957
906.880047,830.4279866,2231.939762
906.7950275,830.4189239,2360.62904
906.7101627,830.409896,2231.941627
906.625452,830.4009028,2360.604007
906.5408952,830.391944,2231.93971
906.4564919,830.3830196,2360.577648
906.3722416,830.3741294,2231.937872
906.288144,830.3652733,2360.551632
906.2041987,830.3564511,2231.938033
906.1204054,830.3476627,2360.530245
906.0367636,830.338908,2231.940571
905.9532729,830.3301868,2360.50923
905.8699331,830.3214989,2231.93829
905.7867437,830.3128443,2360.483074
905.7037043,830.3042227,2231.938862
905.6208145,830.2956341,2360.462856
905.5380741,830.2870784,2231.939605
905.4554826,830.2785553,2360.440636
905.3730397,830.2700647,2231.941663
905.290745,830.2616066,2360.420833
905.2085981,830.2531807,2231.943153
905.1265986,830.244787,2360.398401
905.0447464,830.2364253,2231.941337
904.9630408,830.2280955,2360.375081
904.8814816,830.2197974,2231.94372
904.8000684,830.2115309,2360.355519
904.7188009,830.2032959,2231.945289
904.6376785,830.1950923,2360.33546
904.5567012,830.1869199,2231.941931
904.4758684,830.1787785,2360.312752
904.3951798,830.1706681,2231.944377
904.3146351,830.1625886,2360.293447
904.234234,830.1545398,2231.947165
904.153976,830.1465215,2360.273735
904.0738608,830.1385337,2231.947784
903.993888,830.1305763,2360.251939
903.9140574,830.122649,2231.94757
903.8343685,830.1147518,2360.233144
903.754821,830.1068846,2231.946046
903.6754146,830.0990472,2360.211227
903.5961488,830.0912395,2231.946532
903.5170235,830.0834614,2360.18991
903.4380382,830.0757127,2231.946015
903.3591926,830.0679934,2360.169344
903.2804863,830.0603034,2231.946461
903.201919,830.0526424,2360.151179
903.1234905,830.0450104,2231.94728
903.0452002,830.0374073,2360.131871
902.967048,830.0298329,2231.948352
902.8890334,830.0222872,2360.113528
902.8111561,830.0147699,2231.950648
902.7334159,830.0072811,2360.097601
902.6558122,829.9998205,2231.955398
902.5783448,829.9923881,2360.081622
902.5010134,829.9849837,2231.9573
902.4238177,829.9776072,2360.063968
902.3467574,829.9702586,2231.957785
902.269832,829.9629377,2360.047002
902.1930413,829.9556444,2231.957109
902.116385,829.9483785,2360.025139
902.0398628,829.94114,2231.957647
901.9634742,829.9339287,2360.007001
901.8872189,829.9267446,2231.957516
901.8110967,829.9195876,2359.990322
901.7351073,829.9124574,2231.957139
901.6592502,829.905354,2359.970126
901.5835253,829.8982774,2231.958197
901.5079321,829.8912273,2359.953951
901.4324703,829.8842037,2231.959014
901.3571398,829.8772065,2359.940058
901.28194,829.8702356,2231.961052
901.2068707,829.8632908,2359.921058
901.1319317,829.856372,2231.961647
901.0571225,829.8494792,2359.905326
900.9824429,829.8426123,2231.962525
900.9078926,829.835771,2359.888748
900.8334712,829.8289554,2231.96287
900.7591785,829.8221654,2359.872615
900.6850141,829.8154007,2231.963829
900.6109777,829.8086614,2359.857653
900.537069,829.8019473,2231.964092
900.4632877,829.7952583,2359.839849
900.3896335,829.7885943,2231.965751
900.3161062,829.7819553,2359.826845
900.2427053,829.775341,2231.96751
900.1694306,829.7687514,2359.81061
900.0962818,829.7621865,2231.967659
900.0232586,829.7556461,2359.794384
899.9503607,829.74913,2231.970416
899.8775878,829.7426383,2359.780769
899.8049396,829.7361708,2231.971486
899.7324158,829.7297274,2359.765462
899.6600161,829.723308,2231.97462
899.5877403,829.7169126,2359.752365
899.5155879,829.710541,2231.976633
899.4435588,829.704193,2359.738129
899.3716526,829.6978688,2231.979655
899.299869,829.691568,2359.725107
899.2282078,829.6852907,2231.978792
899.1566687,829.6790367,2359.709232
899.0852513,829.672806,2231.980227
899.0139554,829.6665985,2359.695841
898.9427807,829.660414,2231.982062
898.8717269,829.6542525,2359.680568
898.8007937,829.6481138,2231.984074
898.7299809,829.641998,2359.666408
898.6592882,829.6359048,2231.984126
898.5887152,829.6298343,2359.651836
898.5182617,829.6237862,2231.987238
898.4479273,829.6177606,2359.638327
898.3777119,829.6117573,2231.987213
898.3076151,829.6057763,2359.625096
898.2376368,829.5998174,2231.988132
898.1677765,829.5938806,2359.612197
898.098034,829.5879657,2231.989318
898.028409,829.5820727,2359.598168
897.9589013,829.5762016,2231.993194
897.8895105,829.5703521,2359.587515
897.8202366,829.5645243,2231.99258
897.751079,829.558718,2359.57147
897.6820376,829.5529331,2231.992053
897.613112,829.5471697,2359.557532
897.544302,829.5414275,2231.99224
897.4756074,829.5357064,2359.543954
897.407028,829.5300065,2231.99378
897.3385633,829.5243277,2359.533566
897.2702132,829.5186697,2231.997997
897.2019773,829.5130326,2359.522209
897.1338554,829.5074163,2232.002084
897.0658473,829.5018207,2359.513287
896.9979527,829.4962457,2232.005074
896.9301713,829.4906912,2359.50311
896.8625028,829.4851572,2232.010076
896.7949471,829.4796435,2359.490924
896.7275037,829.4741501,2232.010408
896.6601725,829.4686769,2359.478891
896.5929533,829.4632239,2232.010775
896.5258456,829.4577908,2359.466659
896.4588494,829.4523777,2232.012775
896.3919642,829.4469845,2359.455852
896.3251899,829.4416112,2232.014144
896.2585263,829.4362575,2359.443693
896.191973,829.4309234,2232.014277
896.1255298,829.425609,2359.428611
896.0591965,829.420314,2232.013083
895.9929727,829.4150384,2359.414424
895.9268584,829.4097822,2232.014011
895.860853,829.4045452,2359.405126
895.7949566,829.3993274,2232.015007
895.7291687,829.3941287,2359.393495
895.6634891,829.388949,2232.017928
895.5979176,829.3837883,2359.380865
895.532454,829.3786464,2232.017813
895.4670979,829.3735233,2359.368133
895.4018492,829.368419,2232.020499
895.3367075,829.3633333,2359.358386
895.2716727,829.3582662,2232.022892
895.2067445,829.3532177,2359.346923
895.1419226,829.3481875,2232.025271
895.077207,829.3431757,2359.338011
895.0125971,829.3381822,2232.026716
894.9480929,829.3332069,2359.327208
894.883694,829.3282497,2232.028609
894.8194003,829.3233106,2359.318262
894.7552116,829.3183895,2232.030261
894.6911274,829.3134864,2359.308323
894.6271478,829.3086011,2232.031688
894.5632723,829.3037336,2359.298171
894.4995007,829.2988838,2232.034641
894.4358329,829.2940516,2359.29073
894.3722685,829.289237,2232.039756
894.3088074,829.2844399,2359.281617
894.2454494,829.2796603,2232.040476
894.182194,829.274898,2359.270733
894.1190413,829.2701531,2232.041807
894.0559907,829.2654253,2359.260314
893.9930423,829.2607148,2232.040498
893.9301957,829.2560213,2359.246896
893.8674508,829.2513449,2232.041052
893.8048071,829.2466854,2359.236544
893.7422647,829.2420428,2232.043272
893.6798231,829.237417,2359.227494
893.6174823,829.232808,2232.046058
893.5552419,829.2282157,2359.219125
893.4931017,829.2236401,2232.049171
893.4310616,829.219081,2359.212311
893.3691212,829.2145384,2232.052193
893.3072804,829.2100122,2359.200834
893.2455389,829.2055024,2232.049649
893.1838966,829.201009,2359.186345
893.1223531,829.1965317,2232.049176
893.0609083,829.1920706,2359.175651
892.9995619,829.1876257,2232.052271
892.9383137,829.1831968,2359.169817
892.8771635,829.1787839,2232.055702
892.8161111,829.174387,2359.162071
